CustomerID,Name,Email,JoinDate
1,Allison Hill,donaldgarcia@example.net,2025-03-23
2,Javier Johnson,jesseguzman@example.net,2023-02-22
3,Kimberly Robinson,lisa02@example.net,2023-10-26
4,Daniel Gallagher,daviscolin@example.com,2024-05-11
5,Monica Herrera,smiller@example.net,2024-05-27
6,Laura Bush,stanleykendra@example.org,2025-02-11
7,Jamie Chavez,francisco53@example.net,2023-05-08
8,Maria Lynch,amandasanchez@example.com,2023-09-08
9,Margaret Hawkins DDS,perezantonio@example.com,2023-10-02
10,Thomas Bradley,jason76@example.net,2023-12-04
11,David Hoffman,julie69@example.com,2023-08-20
12,Brenda Snyder PhD,hernandezernest@example.net,2023-10-25
13,James Ferrell,tasha01@example.net,2025-03-15
14,Patricia Peterson,ryan70@example.net,2025-03-05
15,Jonathan White,harrellkenneth@example.net,2024-01-27
16,James Martin,georgetracy@example.org,2025-05-03
17,Sandra Parker,allenashley@example.org,2022-10-21
18,Mr. Philip Cannon,donnaarroyo@example.org,2023-05-06
19,Jenny Lewis,jenniferross@example.net,2024-07-01
20,Joseph Martinez,calebsmith@example.net,2023-03-29
21,Benjamin Welch,carlosjohnson@example.com,2022-10-05
22,Michael Lewis,jenniferkhan@example.net,2023-12-20
23,Rhonda Lee,hopkinsmichael@example.com,2023-12-13
24,Megan Joyce,brownjessica@example.org,2023-04-18
25,Jerry Henderson,steven17@example.net,2022-11-04
26,Kimberly Smith,housemelinda@example.org,2023-10-08
27,Dr. Steven Martin,gallowayjoseph@example.com,2023-05-28
28,Monica Logan,smoore@example.org,2025-06-15
29,Kimberly Adkins,williamsthomas@example.net,2023-01-08
30,Angela Lopez,leonardjoe@example.org,2025-05-16
31,Lauren Williams,barnesbrandy@example.net,2023-07-01
32,Michael Edwards,randy47@example.com,2025-05-03
33,Alexandra Howell,jonesjason@example.com,2022-12-12
34,Benjamin Sanchez,eric84@example.net,2025-07-02
35,Kendra Contreras,sarah12@example.com,2022-11-23
36,Juan Nelson,jenniferharris@example.net,2025-02-08
37,Danielle Odonnell,davisrodney@example.com,2022-09-06
38,Carlos Whitney,joycearnold@example.com,2024-03-25
39,Tony Vazquez,amydavenport@example.net,2024-03-16
40,Andrew Diaz,nolanjason@example.org,2024-07-19
41,Justin Baxter,sarayoung@example.org,2025-06-23
42,Sierra Johnson,kimberly63@example.com,2023-01-10
43,Janet Williams,dwalker@example.com,2023-06-19
44,Crystal Johnson,raymondramirez@example.org,2025-06-13
45,Martin Ross,sheila14@example.org,2024-04-16
46,Mrs. Linda Reed,samuel81@example.com,2025-03-31
47,Andrew Graham,michaeljones@example.net,2025-04-24
48,Mary Martinez,william65@example.com,2024-08-22
49,Cheryl Ortega,lbyrd@example.net,2024-04-03
50,Roy Torres,russellcarpenter@example.net,2023-07-08
51,Michael Dixon,donnacampbell@example.net,2024-06-12
52,Robert Potter,jeffrey32@example.org,2022-09-08
53,Miss Patricia Gibson,jennifercruz@example.com,2023-04-13
54,Abigail Potter,osbornejeffery@example.net,2024-02-07
55,David Charles,danderson@example.net,2024-02-22
56,Emily Fischer,usalazar@example.net,2023-10-30
57,Jill Moore,wcole@example.org,2025-01-25
58,Richard Washington,joshuajones@example.com,2023-04-03
59,Steven Miller,jessebenson@example.net,2023-03-11
60,Gary Owens,clarkrobert@example.net,2025-05-21
61,Spencer Johnston,wsmith@example.com,2024-10-22
62,Tiffany Barnes,tracynelson@example.com,2022-08-20
63,Michael Powell,marycalhoun@example.net,2024-02-25
64,Leslie Alvarado,dayderek@example.com,2023-02-04
65,Garrett Gibson,kathleen64@example.com,2023-04-22
66,Alec Ryan,jeffrey10@example.org,2025-05-25
67,Alex Hernandez,thomaswilson@example.org,2023-12-11
68,Jacob Obrien,stricklandfrank@example.com,2022-11-15
69,Eric Byrd,tsanders@example.org,2022-10-11
70,Lori Garcia,melissa91@example.net,2024-11-23
71,Jeffrey Wood,alexander67@example.org,2023-11-07
72,Steven Stevens,ryangross@example.net,2023-05-12
73,Kimberly Webb,lpetersen@example.com,2023-07-08
74,Timothy Ramirez,dsanchez@example.net,2024-05-18
75,Allen Rosales,tonykelly@example.com,2023-07-28
76,Meredith Hill,blackjames@example.org,2024-09-16
77,Peter Vaughn DDS,bwest@example.org,2023-06-07
78,David Beck,thomas85@example.com,2025-07-16
79,Heather Chavez,john13@example.com,2022-11-28
80,Pamela Lopez,joannahill@example.net,2025-06-24
81,Diane Garcia,kennethward@example.com,2022-08-04
82,Denise Mccann,heidi27@example.org,2025-03-02
83,Julie Alexander,tammyking@example.com,2022-11-22
84,John Ray,hernandezlisa@example.com,2022-10-21
85,Justin Butler,kimberlyjames@example.com,2023-06-10
86,Jessica Carroll,lynchjody@example.org,2024-06-04
87,Brad Allen,moorericky@example.net,2024-04-30
88,David Mann,ojones@example.com,2024-11-29
89,Mary Peck,owilson@example.net,2022-12-30
90,Charles Brown,brooke94@example.com,2022-12-03
91,Melissa Bender,mkim@example.org,2025-03-20
92,Lindsey Johnson,suzannehuff@example.net,2024-04-23
93,Phillip Underwood,hinesgregory@example.net,2024-07-03
94,Catherine Richards,ecosta@example.com,2023-10-10
95,Brian Martin,ssteele@example.net,2025-05-20
96,Krista Gibson,johnny16@example.net,2025-01-09
97,Sean Murray,lopezmichael@example.com,2024-06-04
98,Christina Dunn,samuel71@example.org,2025-06-20
99,Cynthia Moore,tranchristopher@example.org,2023-12-07
100,Ronnie Jimenez,william46@example.com,2025-06-28
101,Juan Reyes,michellehill@example.com,2023-07-27
102,Debra Smith,mary97@example.org,2023-11-21
103,Mr. Phillip Bennett,molly39@example.com,2023-04-01
104,Amanda Garner,qhughes@example.net,2025-06-28
105,Andrew Shaw MD,sawyerscott@example.net,2025-04-12
106,Charles Pitts,charlesharrington@example.com,2023-07-26
107,Marie Christian,ofinley@example.net,2025-03-18
108,Joshua Williamson II,wendy16@example.org,2024-10-30
109,Ashlee Jackson,rebecca05@example.org,2023-06-06
110,Charles Schmidt,georgemiller@example.com,2024-05-29
111,Thomas Thomas,dlittle@example.com,2024-07-19
112,Julie Roberts,charleslandry@example.net,2023-06-12
113,Melissa Bryant,james67@example.org,2023-04-05
114,Laura Haney,andrew64@example.org,2024-03-31
115,Natasha Williams,swall@example.org,2024-05-15
116,Mark Oliver,courtneyberger@example.net,2022-09-01
117,Amanda Diaz,christopherphillips@example.net,2023-10-18
118,Richard Walter,alyssa42@example.com,2025-04-16
119,Tracy Phillips,linda71@example.org,2024-10-23
120,Michael Craig,zcoffey@example.net,2023-08-24
121,Alexis Herrera,vrichardson@example.net,2023-05-03
122,Mark Watson,thomasharvey@example.net,2023-07-14
123,Maria Reid,tblankenship@example.net,2023-10-10
124,Tracy Torres,pwilson@example.net,2022-12-15
125,Michael Paul,umatthews@example.org,2025-03-16
126,Sandra Gilbert,antonio53@example.com,2023-11-19
127,Jack Pollard,amy50@example.com,2023-05-18
128,Tiffany Holloway,batesdarlene@example.net,2025-06-18
129,Gavin Zhang,caseyhubbard@example.org,2024-04-22
130,Crystal Schroeder,ramireztracey@example.org,2024-03-03
131,Ashley Delacruz,alexistyler@example.org,2024-04-25
132,Derek Martinez,vfox@example.org,2023-12-23
133,Kayla Rodriguez,soniawilliams@example.net,2024-02-11
134,Victor Brown,bboone@example.net,2022-11-15
135,Jill Lam,charlene12@example.com,2024-06-03
136,Michelle James,shawn96@example.org,2024-12-05
137,Matthew Rich,russellbeasley@example.com,2023-07-26
138,Jason Davis,qedwards@example.com,2025-05-30
139,Kara Davis,daviscolin@example.net,2023-09-01
140,Anthony Frye,elizabeth65@example.net,2025-05-16
141,Thomas Williams,caroline51@example.net,2024-01-27
142,John Boone,megan51@example.com,2024-04-09
143,Sarah Villegas,lynchdiane@example.net,2023-05-09
144,Michael Parker,michael22@example.net,2024-07-09
145,Patrick Bonilla,reesejason@example.com,2023-11-29
146,Eric Nguyen,wareeric@example.net,2022-09-12
147,Jeremy Coleman,nperry@example.net,2022-11-21
148,Douglas Gregory,trose@example.org,2023-03-18
149,Mrs. Christine Dougherty,kathrynroberts@example.org,2022-07-28
150,Casey James,vincentwhitaker@example.com,2022-10-06
151,Amanda Smith,atkinsbarbara@example.net,2023-10-06
152,Donna Sullivan,george97@example.net,2025-04-23
153,Ryan Sanchez,zwarren@example.com,2024-10-14
154,Richard Jones,schmidtjames@example.com,2023-08-08
155,Maria Hernandez,thomasjames@example.net,2023-01-03
156,Angela Bean,kmarshall@example.net,2023-11-24
157,Kristy Reid,michelle52@example.com,2022-10-02
158,Eric Hill,bellcharles@example.com,2023-11-27
159,Ronald Jones,gilbertwilliam@example.com,2024-04-16
160,Nancy Williams,marcalvarez@example.org,2025-06-03
161,Robert Monroe,wagnergerald@example.org,2024-09-02
162,Kelly Bishop MD,paul59@example.org,2024-11-30
163,Andrea Davis,umitchell@example.net,2025-06-10
164,Brittany Miller,sabrinacollins@example.net,2024-08-23
165,Kurt Hurley,angelica52@example.net,2024-08-28
166,Yolanda Gaines,lucasrodney@example.com,2022-08-08
167,Trevor Peterson,ilee@example.org,2022-10-12
168,Ashley Wise,stanleynancy@example.net,2022-12-10
169,Christopher Guerra,jenniferwilliams@example.com,2024-07-30
170,Jeremy Mitchell,pyoung@example.com,2025-06-12
171,Stephanie Lee,smurray@example.com,2024-01-22
172,Christopher Gonzalez,moniquewilliams@example.com,2025-03-04
173,Ashley Singleton,mitchellkathryn@example.com,2023-11-24
174,Sandra Davis,lisawilkerson@example.org,2023-10-17
175,James Hughes,brooksanthony@example.org,2025-01-24
176,Raven Taylor,samantha72@example.net,2023-12-16
177,Susan Smith,marydunn@example.net,2024-05-17
178,Ricardo Young,williamsrobert@example.net,2023-12-02
179,Taylor Carlson,chenbailey@example.net,2022-12-24
180,Lucas Allen,qlopez@example.org,2024-02-13
181,Troy Stephens,myerstheodore@example.net,2023-09-17
182,Paul Kelly,cooperjessica@example.net,2022-11-10
183,Nicole Anderson,amy27@example.net,2023-12-26
184,Chad Baldwin,mjohnson@example.org,2024-12-03
185,Emily Collins,ihays@example.com,2023-04-23
186,Cheryl Kelly,glennmartin@example.org,2024-12-12
187,James Gonzales,lmorgan@example.com,2024-08-16
188,Robert Adams,acostachristian@example.net,2025-07-14
189,Edward Garcia,donna47@example.net,2024-09-13
190,Jeremy West,christina64@example.net,2025-06-28
191,Angela Walsh,william20@example.org,2025-02-04
192,Jessica Martinez,kimberlydiaz@example.com,2025-05-25
193,Christian Cole,nathan19@example.org,2024-02-20
194,Matthew Wright,johnsonjacob@example.net,2023-09-17
195,Deborah Green,nlewis@example.com,2024-08-18
196,Mrs. Brandy Jones MD,zosborn@example.net,2025-06-14
197,Miss Michelle Pierce,patricia22@example.com,2024-01-28
198,Curtis Taylor,jjohnson@example.net,2023-08-28
199,Kristen Salazar,jonesraymond@example.net,2024-09-14
200,Patricia Morrow,martinezlogan@example.org,2023-11-25
201,Haley Humphrey,katrinaanderson@example.net,2025-04-13
202,Caleb Hernandez,fernandodonovan@example.org,2023-08-03
203,Stephanie Singleton,james84@example.org,2024-06-04
204,Anna Davidson,georgeweber@example.net,2023-07-25
205,Amanda Shields,williamsdarlene@example.net,2023-05-06
206,Kenneth Montgomery,jimenezcourtney@example.com,2024-06-22
207,David Aguirre,eevans@example.net,2022-09-23
208,John Harris,larryhiggins@example.net,2025-07-06
209,James Hodges,floressteven@example.com,2023-11-24
210,Anthony Dougherty,kwright@example.com,2025-05-08
211,Cheryl Moore,tjimenez@example.com,2022-08-14
212,Kathy Levy,brandywilliams@example.com,2024-01-13
213,Martha Ruiz,booneryan@example.com,2024-09-24
214,Holly Morales,michaelroberts@example.com,2024-01-23
215,Diana Hays,andersoncolin@example.com,2024-12-07
216,Todd Fischer,carriemorales@example.org,2022-09-07
217,Gary Wells,ghernandez@example.org,2023-07-14
218,Carla Ewing,brittney88@example.net,2024-01-07
219,Karen Smith,emily69@example.com,2024-12-09
220,Melissa Johnson,pbaker@example.net,2024-04-13
221,Lauren Jackson,rhernandez@example.org,2022-08-23
222,Ashley Smith,robert63@example.com,2024-01-20
223,Kaitlyn Charles,thorntonapril@example.net,2023-07-11
224,Kelly Edwards,stevepatel@example.net,2023-08-12
225,Michelle Schneider,chelsea33@example.com,2024-03-22
226,William Evans,janet75@example.com,2023-08-06
227,Rebecca Hill,berryamy@example.com,2025-01-01
228,Regina Roberts,stephanie15@example.com,2024-07-07
229,Cindy Clayton,sarah42@example.org,2024-05-24
230,Dana Santiago,danawilliams@example.com,2023-07-17
231,Michael Taylor,richarddonovan@example.com,2023-12-25
232,Victor Morris,velezchristopher@example.net,2023-03-31
233,Sarah Johnson,robertmonroe@example.org,2025-07-16
234,Jon Zuniga,nancy04@example.net,2024-05-10
235,Frances Gibson,ismall@example.net,2023-12-14
236,Brian Martin,twong@example.org,2022-08-04
237,Edward Craig,gregorychase@example.com,2025-01-11
238,Angie Caldwell,tinawoods@example.org,2022-07-27
239,Jeremy Adams,kevin90@example.com,2024-07-05
240,Amy Wilson,erik84@example.net,2022-11-25
241,Elizabeth Mendez,susanmendoza@example.com,2024-10-16
242,Jennifer Dunn,ztodd@example.net,2025-01-09
243,Melanie Larson,foxallison@example.com,2022-10-13
244,Amy Kelley,ashleyhernandez@example.com,2025-02-10
245,Michael Love,gdavis@example.com,2024-12-22
246,Jose Bryant,hansenemily@example.com,2024-09-19
247,Robert Reese,williamsmelvin@example.org,2024-03-04
248,Steven Andersen,ajohnson@example.org,2024-11-08
249,Veronica Brewer,ybrooks@example.com,2025-02-27
250,Jaime Vega,desireebailey@example.org,2025-07-12
251,Cameron Irwin,avilatiffany@example.com,2024-07-27
252,Kim Morrow,stevenmoore@example.org,2025-05-12
253,Ashley Pacheco,bmendez@example.org,2023-03-02
254,Andrew Harper,sanchezbradley@example.com,2023-04-02
255,Scott Brown,jim95@example.net,2024-05-05
256,Erica Turner,valerieboyd@example.com,2023-06-14
257,Travis Hobbs,conniesimmons@example.com,2022-09-09
258,Mason James,heather62@example.com,2023-09-05
259,Kara Atkinson,meredith27@example.org,2024-03-27
260,Kristin Anderson,jonathanrivera@example.org,2025-04-25
261,Anna Hardy,brettbennett@example.net,2024-05-10
262,Chelsea Gill,timothybooth@example.com,2023-06-17
263,Christy Lee,burgesskaren@example.org,2024-08-20
264,Jennifer Allen,kimberly67@example.net,2024-06-29
265,Ian Andrade,ugarcia@example.com,2024-10-31
266,Dale Edwards,hartjeffrey@example.org,2022-08-06
267,Lauren Cortez,elijah53@example.com,2024-04-04
268,Juan Harding,jonathan77@example.com,2023-01-20
269,Caroline Cortez,iwhite@example.net,2025-06-03
270,Sara Jones,duranrobert@example.net,2023-03-30
271,Alexa Wagner,bruce97@example.net,2024-01-05
272,Juan Smith,amanda40@example.net,2024-12-27
273,Renee Browning,hullalice@example.org,2023-02-15
274,Robin Adams,zmiller@example.com,2024-03-30
275,Courtney Sutton DVM,davisnicholas@example.net,2023-12-23
276,Michele Miller,vnewman@example.net,2025-06-25
277,Stephanie Ellison,jasonparrish@example.net,2023-12-23
278,Benjamin Frost,whitemelissa@example.org,2025-06-07
279,Nicole Marquez,thickman@example.org,2024-03-29
280,Sarah Rhodes,patrick21@example.net,2024-10-14
281,Brent Hall,petersonkayla@example.net,2023-09-27
282,Alyssa Nelson,whenry@example.net,2025-05-16
283,Michael Guerrero,bartonkenneth@example.org,2024-09-08
284,Christian Dawson,jodistewart@example.org,2022-10-28
285,Jill Juarez,andersonjacob@example.com,2024-03-21
286,Ashley Davis,carlsonkristen@example.com,2022-08-02
287,Richard Hardy,ashleyjackson@example.com,2023-01-21
288,Derrick Thomas,ryanfisher@example.com,2024-11-23
289,Tony Le,mwheeler@example.com,2022-11-14
290,Travis Cook,vbrock@example.com,2023-07-21
291,Shannon Mccann,kevinmorrison@example.net,2023-02-25
292,Vincent Novak,jessica79@example.org,2023-07-12
293,Richard Diaz,brittanygardner@example.net,2024-11-07
294,Nicholas Hahn,samuelcarter@example.net,2022-10-03
295,Rebecca Chambers,cynthiaallen@example.net,2023-01-04
296,James Cole,iaguilar@example.net,2025-04-27
297,Jennifer Johnson,jacqueline89@example.net,2025-04-17
298,David Ortega,deborahwilliams@example.net,2024-07-31
299,Paul Sheppard,grodriguez@example.com,2023-03-20
300,Kristin Watts,seanmyers@example.net,2024-04-25
301,Haley Johnson,phillipssamantha@example.org,2022-11-24
302,Brenda Collins,hmueller@example.com,2023-08-05
303,Nathan Chavez,evanslisa@example.org,2022-08-13
304,Brian Marsh,zacharyarnold@example.com,2024-03-24
305,Crystal Sullivan,jacobsandoval@example.com,2022-08-20
306,Christina Vargas,nsmith@example.org,2023-05-21
307,Rebecca Ray,michaelgonzalez@example.org,2023-05-03
308,Kelsey Fowler,lcarr@example.org,2023-08-05
309,Lisa Cervantes,samantha91@example.net,2022-12-13
310,Eric White,williambarnes@example.org,2024-04-09
311,John Medina,angelaburns@example.org,2023-02-10
312,Lisa Glenn,washingtonjames@example.com,2025-06-10
313,Kathleen Cohen,cmckinney@example.com,2023-01-19
314,Rebecca Walker,hillamanda@example.org,2024-11-21
315,Patricia Simpson,armstrongjoseph@example.net,2025-01-07
316,Rodney Williams,bpayne@example.org,2024-10-03
317,Danielle Golden,colemichael@example.org,2023-11-13
318,Patricia Young PhD,michelle96@example.org,2024-05-25
319,Robin Trujillo,amanda98@example.org,2023-07-09
320,Donna Adams,taylorkaren@example.com,2025-04-21
321,Sharon Martinez DVM,dustinmorris@example.org,2024-10-31
322,Katherine Ray,courtney67@example.org,2024-06-13
323,Anna Robertson,heather57@example.com,2023-07-13
324,Raymond Oconnor,sreid@example.com,2025-02-05
325,Jennifer Donaldson,troymorris@example.com,2023-07-25
326,Kylie Washington,patricia00@example.org,2024-06-05
327,Alexis Noble,scottsmith@example.com,2023-02-26
328,Bonnie Santos,nancymcdowell@example.org,2024-07-06
329,Jacob Mckee,brettgarrett@example.net,2024-08-24
330,Matthew Padilla,lewischristian@example.net,2023-03-24
331,Alexandra Dominguez,mcneilrobert@example.org,2023-12-25
332,Brandon Shaffer,edwardsnicole@example.org,2023-09-12
333,Shelly May,caseyelliott@example.net,2024-07-01
334,Nathan Fuller,samanthajensen@example.com,2025-02-16
335,Brian Goodwin,bbell@example.com,2024-12-03
336,Matthew Wright,kimberly04@example.org,2024-02-07
337,Nicole Phillips,bowerslaura@example.org,2024-01-13
338,Jonathan Wheeler,hatfieldsarah@example.org,2023-09-16
339,Jennifer Payne,kathrynbest@example.org,2022-08-07
340,Dennis Williams,fryraymond@example.com,2024-06-07
341,Jennifer Miles,davidsonamanda@example.org,2023-05-20
342,Jorge Harris,amandamyers@example.net,2024-11-02
343,Maria Collins,pblair@example.org,2023-04-13
344,Audrey Salazar,parkerjudith@example.net,2023-01-28
345,Chad Smith,hbenton@example.net,2024-11-24
346,Carol Martinez,jessica10@example.com,2024-12-20
347,Austin Joseph,crawfordwilliam@example.org,2024-01-18
348,Holly Scott,shannonemily@example.org,2023-03-27
349,Amanda Roy,brandoncox@example.org,2023-02-01
350,Amanda Pratt,pwalker@example.com,2025-04-18
351,Roger Duncan,shawrachel@example.org,2023-03-21
352,Amber Morales,xcline@example.com,2023-07-13
353,Aimee Gonzalez,jodi37@example.com,2024-04-28
354,Raymond Gonzalez DVM,edwardrandolph@example.org,2023-04-01
355,Ryan Wiley,aaron64@example.org,2023-03-01
356,Mrs. Tonya Kaufman,jenniferdavis@example.org,2025-03-29
357,Mercedes Watson,carpenterwilliam@example.net,2025-01-03
358,Keith Graham,joelgreen@example.com,2025-04-29
359,Ronnie Nguyen,enelson@example.org,2022-12-16
360,Ashley Garcia,aowens@example.org,2024-02-27
361,Christine Parker,melissa12@example.net,2023-06-18
362,Lindsey Lewis,eddie35@example.com,2024-02-02
363,Debbie Ewing,cranemelissa@example.net,2024-10-16
364,Joel Lara,davidbrown@example.org,2022-12-10
365,Jacqueline Mccoy,aguilarjonathan@example.org,2022-08-12
366,Steven Ramos,christopherboone@example.com,2022-12-01
367,Amber Glass,zunderwood@example.com,2022-08-21
368,Carrie Lewis,joshuagriffin@example.org,2022-08-26
369,Danielle Phillips,eandrade@example.org,2022-10-24
370,Jason Day,crystalpham@example.org,2025-07-08
371,Heather Stephens,kcooper@example.net,2023-07-07
372,Alexander Harper,huangkimberly@example.org,2024-12-22
373,Hunter Silva,terrigarcia@example.net,2023-04-10
374,Raven Mclaughlin,barbaramcgrath@example.com,2023-08-12
375,Sarah Thompson,linda59@example.org,2024-08-28
376,Keith Thomas,marycochran@example.com,2024-03-05
377,Andrew Brown,andrewwoods@example.com,2025-04-21
378,Carlos Love,brian29@example.net,2025-04-20
379,Sarah Valencia,brookssheri@example.com,2024-04-22
380,Frank Daugherty,fconner@example.net,2023-07-02
381,Kristina Preston,jeffrey92@example.com,2023-06-21
382,Bethany Daniel,xrosales@example.net,2022-08-24
383,Tammy Ponce,daniellegarcia@example.com,2022-12-21
384,Cynthia Haas,daisymccarty@example.net,2024-07-23
385,Gabriela Smith,johnjones@example.com,2024-11-28
386,Amber Kim,acosta@example.com,2025-03-12
387,James Poole,franciscojones@example.org,2023-06-08
388,Trevor Jones,pamelamartin@example.org,2024-03-10
389,Anna Wheeler,bbush@example.net,2023-01-16
390,Brooke Garcia,terriortiz@example.net,2024-09-18
391,Deborah Campbell,codylong@example.net,2025-01-25
392,Isaac Patterson,madison97@example.org,2022-11-03
393,Mark Rowland,tanthony@example.com,2023-12-18
394,Deborah May,ylopez@example.com,2023-02-09
395,Jeremiah Baker,anne21@example.org,2024-07-21
396,Jennifer Avila,angelarandall@example.net,2023-10-21
397,Sharon Wells,thomasmiller@example.net,2022-08-27
398,Kellie Duncan,davidtodd@example.org,2025-05-25
399,Daniel Lee,hendersonvanessa@example.com,2023-02-26
400,Brittany Larson,renee11@example.com,2024-03-20
401,Shannon Stone,buchanancindy@example.net,2024-11-22
402,Chase Knight,buckleyanna@example.org,2024-11-27
403,Sheryl Humphrey,patrick79@example.net,2023-12-20
404,Jamie Montgomery,vwilliams@example.net,2023-04-06
405,Tammie Prince,morganlaura@example.com,2023-05-23
406,Michael Garcia PhD,kevinmanning@example.com,2023-05-11
407,Matthew Lopez,robinrussell@example.com,2024-10-29
408,Samantha Robertson,cameronmckinney@example.com,2022-12-15
409,Sherry Johnson,nancygonzalez@example.org,2023-04-19
410,Thomas Bush,micheal78@example.com,2024-06-15
411,Andre Watson,ethompson@example.net,2024-03-15
412,Ryan Green,mitchellpaul@example.org,2025-02-09
413,Cindy Walker,ericaadams@example.com,2024-02-02
414,Tracy Fleming,pbuck@example.org,2024-05-08
415,David Trujillo,jennifer46@example.com,2025-02-07
416,Daniel Turner,asilva@example.net,2025-07-19
417,Sara Hoffman,kenneth17@example.org,2023-07-23
418,Frederick Hill,jacob83@example.org,2024-12-18
419,Lindsay Guerrero,jenniferrios@example.com,2023-04-30
420,James Johnson,matthewreeves@example.net,2024-02-25
421,Susan Powers,megan82@example.com,2022-11-03
422,David Stokes,staceylam@example.net,2022-10-25
423,Patrick Parker,nathan94@example.com,2025-02-06
424,Sean Silva,kennedyjames@example.org,2025-02-24
425,Edwin Brown,derrickgonzalez@example.com,2025-07-05
426,Victoria Thomas,kimberlyfreeman@example.net,2025-07-05
427,Anthony Hayes,kathleenjackson@example.org,2024-01-07
428,Anita Mendez,epowell@example.com,2022-07-25
429,Monica Dodson,katherine83@example.org,2024-07-30
430,Danielle Steele,larry16@example.net,2024-04-25
431,Rodney Evans,stephen89@example.net,2023-07-25
432,Whitney Cooper,mhoward@example.org,2025-05-24
433,Jennifer Perez,jasonjohnson@example.net,2023-01-21
434,Matthew Johnson,kelsey90@example.net,2025-07-14
435,Martha Smith,butleromar@example.net,2023-04-23
436,Christine Jennings,turnerdorothy@example.net,2024-02-10
437,Mercedes Barnes,huntchristine@example.com,2022-11-21
438,Craig Gonzalez,marie35@example.net,2023-10-12
439,Joshua Lozano,arivera@example.org,2024-07-25
440,Sara Caldwell,stacychan@example.org,2024-09-20
441,David Hall,joseph01@example.org,2025-03-04
442,Heather Rhodes,grodgers@example.org,2022-07-30
443,Matthew Murphy,rfriedman@example.net,2022-10-29
444,Catherine Morales,ynelson@example.net,2025-02-06
445,Mariah Robles,andersonjessica@example.org,2022-11-10
446,Karen Carroll,ywhite@example.com,2024-05-20
447,Sheryl Acosta,timothyfreeman@example.com,2023-11-14
448,Matthew Smith,tiffanysantiago@example.com,2024-02-08
449,Lisa Reynolds,timothyalvarado@example.net,2023-09-14
450,Kristin Huerta,smithsarah2@example.net,2025-02-04
451,Sheila Jones,vflores@example.com,2022-09-13
452,Mason Powell,christianwallace@example.net,2023-11-23
453,Jillian Wilson,bmcgee@example.org,2023-10-05
454,Joshua Petersen,pamela83@example.net,2024-07-24
455,Heidi Brown,meganrivera@example.net,2024-05-07
456,Heidi Chavez,malonejeffrey@example.com,2023-08-13
457,Rebecca Kelley,jacqueline02@example.com,2022-12-20
458,Mikayla Rodriguez,jacobconrad@example.com,2023-03-13
459,Cheryl Morgan,owilliams@example.net,2024-04-25
460,Joanna Barrett,tamarasmith@example.net,2022-09-11
461,Sara Webb,heatherthompson@example.org,2022-11-10
462,Lisa Morris,mbarnes@example.net,2024-11-01
463,Victor Waller,iballard@example.com,2024-05-10
464,Kayla Cameron,jennifer83@example.org,2023-03-06
465,Melissa Morse,tinasantos@example.org,2024-01-23
466,Erica Wilson,anna99@example.net,2024-09-05
467,Stephanie Ferguson,hstokes@example.org,2022-08-16
468,Michael Gonzalez,tonyavega@example.org,2025-01-24
469,Elizabeth Molina,howardshaun@example.net,2025-02-25
470,Sharon Newton,yyoung@example.net,2023-05-31
471,Tammy Hughes,tammy00@example.net,2023-04-21
472,Priscilla Berg,rhondabush@example.net,2023-08-27
473,Nancy Gonzalez,kellythompson@example.net,2022-10-09
474,Nancy Wilson,pattersonangela@example.org,2023-01-12
475,Abigail Owens,billmcfarland@example.net,2022-09-13
476,Lisa Stanley,jtyler@example.com,2022-10-07
477,Kelly Krueger,hartmanerik@example.net,2024-02-28
478,Daniel Lewis,mark43@example.net,2024-02-21
479,Samantha Zavala MD,sean99@example.org,2025-06-04
480,Erica Moon,cruzamber@example.com,2022-08-16
481,Patricia Robertson,stucker@example.net,2023-02-15
482,Tiffany Jackson,simsjason@example.net,2024-11-13
483,Jessica Garcia,elucas@example.net,2024-08-09
484,Mitchell Johnson,brownlaura@example.net,2022-10-05
485,Susan Russell,bmccoy@example.com,2022-08-07
486,Kimberly May,avilabrenda@example.net,2025-02-03
487,Jonathan Roberts,catherine47@example.com,2023-09-26
488,Kara Ferguson,julierobles@example.net,2023-06-08
489,Elizabeth Eaton,susan08@example.net,2022-12-21
490,Kenneth Long,torreskaitlin@example.net,2023-07-31
491,Matthew Hunt,jackjensen@example.com,2023-02-17
492,Robert Phelps,enewman@example.com,2024-07-25
493,Craig Carpenter,michael31@example.com,2024-05-28
494,Emily Hayes,heather29@example.net,2023-08-23
495,Jeffrey Smith,kristenjoseph@example.net,2023-11-09
496,Brandy Quinn,wford@example.com,2024-01-04
497,Matthew Miller,michele28@example.org,2023-05-04
498,Angela Jones,atkinsoncrystal@example.net,2024-04-14
499,Christy Johnson,amy87@example.net,2024-11-15
500,Daniel Barton,dennis88@example.org,2023-09-27
501,Mary Charles,katherinetaylor@example.org,2023-02-01
502,Mary Faulkner,ccrosby@example.org,2024-10-31
503,Dennis Young,aprilmoody@example.com,2023-12-16
504,Anthony Hooper,dakota84@example.net,2023-05-04
505,Carrie Valdez,briana18@example.com,2023-09-05
506,Kelli Gomez,tommy79@example.org,2024-01-21
507,Christopher Jones,jason22@example.com,2024-05-09
508,Mary Perry,jennifer77@example.com,2023-03-07
509,Roy Johnson,andersonbrittany@example.org,2024-06-08
510,Kenneth Brown,sandra86@example.net,2025-06-16
511,Sherry Luna,stacey37@example.net,2025-07-12
512,Carolyn Greer,laurahoover@example.org,2024-06-02
513,Carol Jennings,ecarlson@example.org,2023-09-07
514,Alan Mills,mserrano@example.org,2023-01-30
515,Linda Rich,davisdonna@example.net,2024-03-02
516,Todd Gregory,xboyd@example.org,2024-08-22
517,Todd Olson,zbell@example.net,2025-04-10
518,Laura Coleman,thomas31@example.com,2024-05-05
519,Deanna Smith,lanedavid@example.org,2023-09-04
520,Robert Ortiz,mooredenise@example.com,2023-05-02
521,Krystal Carr,afischer@example.net,2024-11-25
522,Mr. Justin King,becky62@example.net,2022-11-27
523,Richard Avery,lewisrichard@example.com,2024-12-13
524,Melinda Williams,aoconnell@example.org,2025-01-07
525,Kyle Davis,jeffrey19@example.org,2024-09-21
526,Jennifer Douglas,jennifer90@example.org,2024-06-20
527,Dakota Sandoval,james98@example.net,2024-08-23
528,Megan Ward,cantrellchristopher@example.com,2024-11-20
529,James Willis,mclaughlincasey@example.org,2024-03-13
530,Kristin Aguilar,sylvia43@example.net,2025-06-09
531,Jared Smith,richardrodriguez@example.org,2024-01-22
532,Bruce Palmer,nancy94@example.net,2023-11-17
533,John Sanchez,susan77@example.net,2025-02-18
534,Mr. James Kramer,ericahall@example.com,2023-10-15
535,Joseph Haynes,john16@example.net,2024-10-17
536,Justin White,michael94@example.org,2025-05-23
537,Susan Porter,jimmyallen@example.com,2023-03-03
538,David Montgomery,kimberlywilson@example.org,2024-07-29
539,Lisa Duran,charlesnathan@example.com,2024-01-10
540,Dr. Sheila Henry,raymond92@example.org,2024-02-16
541,Todd Johnson,phillip27@example.org,2024-08-23
542,Michael Smith,nicolasgarcia@example.com,2024-05-21
543,Joshua Young,vmullen@example.com,2023-02-06
544,Jason Goodwin,melissa47@example.org,2024-04-06
545,Melissa Olsen,linda86@example.com,2023-02-19
546,Nancy Kennedy,thompsonvictor@example.net,2024-02-06
547,Rachel Evans,rosshannah@example.org,2023-03-13
548,Ryan Davis,jordan58@example.net,2025-05-06
549,Alejandro Martinez,barbarasantos@example.net,2023-01-27
550,Heather Nunez,champton@example.org,2023-09-10
551,Mark Thomas,daniellemcfarland@example.com,2024-06-10
552,Sarah Jones,matthewedwards@example.net,2023-06-04
553,Matthew Nelson,xnorman@example.net,2024-04-23
554,Jennifer White,martinezjimmy@example.com,2025-05-15
555,Angela Jackson,davissharon@example.com,2024-03-12
556,James Hubbard,garciachristine@example.org,2024-07-06
557,Ellen Wright,scott22@example.net,2025-01-24
558,Matthew Dalton,michelle78@example.com,2024-03-12
559,Travis Ryan,owelch@example.net,2023-11-08
560,Kimberly Stout,zfernandez@example.org,2023-11-16
561,David Torres,millskatherine@example.org,2023-07-31
562,Adam Weeks,xevans@example.com,2024-12-10
563,Rebecca Kelley,robertcastro@example.com,2023-04-19
564,Maria Clayton,josehenderson@example.org,2024-02-06
565,Lisa Benson,justin84@example.com,2023-02-11
566,Chad Rodriguez,rwilliamson@example.net,2024-06-01
567,Alec Williams,lopezcurtis@example.com,2022-12-04
568,Adam Davis,snydermatthew@example.com,2024-11-27
569,Mr. Michael Johnson Jr.,brianrowe@example.org,2024-03-06
570,Steven Wright,hclayton@example.net,2023-04-18
571,Jessica Rojas,gonzalezjill@example.org,2024-02-11
572,Mrs. Melanie Collins,eric08@example.net,2022-11-30
573,Mr. Isaac Williams,teresayoung@example.com,2023-07-10
574,Donald Wilson,albertwilliams@example.net,2023-12-22
575,Jacqueline Davis,vincentparks@example.com,2025-05-05
576,Lori Brown DDS,martinezjesse@example.net,2024-11-30
577,Renee Gonzales,andrewgray@example.net,2022-12-14
578,Karina Kim,amy73@example.net,2023-02-09
579,Nicholas Hill,caseymoore@example.com,2025-01-03
580,Jordan Parsons,bgross@example.net,2025-02-13
581,Cynthia Le,rlee@example.com,2024-11-05
582,Douglas Ortiz,daniel81@example.org,2025-01-20
583,Shane Harris,clee@example.net,2024-06-22
584,John Hanson,brandon39@example.net,2022-10-05
585,Christine Henry,mcdonalddanielle@example.com,2024-03-22
586,Jennifer Wood,colonjoseph@example.org,2024-10-01
587,Angela Lewis,garciajerry@example.com,2023-02-12
588,Danielle Garrett,angelagrant@example.net,2022-11-12
589,Heather Ellis,kandrade@example.org,2024-03-13
590,Mary Ferguson,umahoney@example.net,2025-07-10
591,Jacob Duran,umckenzie@example.net,2023-04-09
592,Jaime Pierce,michael77@example.com,2022-07-20
593,Duane Smith,victoriaturner@example.com,2025-07-02
594,Ethan Ingram,samantha88@example.net,2025-04-29
595,Andrew Kelly,josephpreston@example.org,2023-04-01
596,Anna Ross,jessicacummings@example.com,2023-01-25
597,Melissa Johnston,larsonkevin@example.net,2024-12-21
598,Richard Weeks,michael66@example.org,2025-02-27
599,Matthew Guzman,walterscrystal@example.org,2023-06-19
600,Joshua Hernandez,ericnunez@example.com,2025-06-18
601,Laura Davis,zroberts@example.org,2022-12-11
602,Kenneth Williams,zbaker@example.net,2023-11-08
603,Pamela Castillo,tonypearson@example.org,2024-03-26
604,Kelly Allen MD,kmorris@example.org,2022-11-20
605,Jacob Lee,brittney04@example.org,2025-07-06
606,Wanda Ramos,scottglass@example.org,2023-02-23
607,Peter Farrell,singhjohn@example.net,2025-04-30
608,Samantha Smith,torresthomas@example.com,2023-03-06
609,Christina Mills,ana92@example.net,2024-08-23
610,Kevin Alvarado,scottbrian@example.org,2024-11-30
611,Amy Pena,jonesdonna@example.net,2025-02-07
612,Sharon Smith,yhall@example.net,2025-06-24
613,Ethan Delacruz,lopezvincent@example.com,2024-03-25
614,Amanda Nielsen,matthew62@example.org,2023-08-04
615,Mario Young,lisa46@example.org,2025-05-19
616,Courtney Peterson,fsandoval@example.net,2023-09-11
617,Lisa Garrett,robertberry@example.com,2025-06-17
618,Erin Daniels,denisecarpenter@example.net,2024-12-12
619,Ellen Thornton,russellstout@example.org,2024-07-08
620,Brooke Jones,whitemary@example.org,2024-09-23
621,Sheryl Gutierrez,vturner@example.net,2025-05-07
622,Richard Rodriguez,anthonyodom@example.net,2023-05-08
623,Crystal Hall,howardhailey@example.com,2022-12-13
624,Julie Banks,melissahenry@example.org,2023-01-15
625,Jason Novak,stephanie33@example.org,2022-09-30
626,Victoria Camacho,dwatts@example.org,2023-10-31
627,Lisa Holloway,phillip99@example.net,2024-02-15
628,Rachel Meyer,cbryant@example.org,2024-02-08
629,Nicholas Grant,leescott@example.com,2024-11-13
630,Christopher Phillips,vaughnrebecca@example.com,2025-01-14
631,Nathan Wilson,phillipmorris@example.org,2023-02-01
632,Michelle Harris,udavis@example.net,2024-06-29
633,Carly Quinn,wilsonshannon@example.com,2022-10-21
634,Monica Hester,nicholasjames@example.org,2025-04-14
635,Mary Hernandez,haroldjoseph@example.com,2023-06-22
636,Tonya Roberts,davidanderson@example.org,2022-07-23
637,Alexandria Jimenez,astephens@example.net,2025-03-13
638,Kevin Alvarez,mramos@example.net,2022-07-27
639,Diana Fuller,brandonhernandez@example.net,2023-08-06
640,Andrew Lane,mark10@example.org,2023-10-19
641,Michael Carr,tammycurry@example.com,2025-05-05
642,Edwin Richardson,wwilkins@example.com,2025-01-29
643,John Martinez,mark68@example.org,2024-08-20
644,Ashley Blair,webbhaley@example.net,2023-05-30
645,Emily Fox,sara99@example.com,2024-02-09
646,Katherine White,jeanettekrause@example.org,2022-11-26
647,Robert Mclaughlin,laurenduarte@example.com,2022-09-07
648,Robert Lewis,hannahking@example.org,2023-06-22
649,Erica Smith,matthew99@example.org,2025-01-16
650,Roy Nielsen,zhendricks@example.org,2024-06-26
651,Mr. Steven Herrera,steven60@example.net,2023-06-13
652,Emily Herrera,barbararivera@example.com,2022-09-30
653,Ryan Morgan,ksims@example.net,2024-05-13
654,Bruce Patton,janet50@example.com,2023-10-16
655,David Hayes DVM,aliciathompson@example.com,2024-11-26
656,Susan Wallace,lloydrebecca@example.org,2023-02-13
657,Morgan Mills,douglas18@example.net,2025-07-12
658,Andrew Hughes,smithsarah@example.net,2025-02-03
659,Felicia Small,meyerdonna@example.com,2022-08-13
660,Margaret Clark,jameshill@example.com,2024-11-12
661,Denise Moore,smithcindy@example.net,2022-11-09
662,Kirsten Nelson,audrey21@example.com,2024-05-22
663,Jeremy Anderson,dberger@example.org,2023-09-13
664,James Bush,tjensen@example.com,2024-12-31
665,Megan Ferguson,fbradley@example.net,2023-12-15
666,Michael Mckinney,oruiz@example.org,2025-02-17
667,Susan Myers,kristina57@example.com,2022-08-22
668,Gregory Murray,justinbailey@example.net,2022-12-06
669,Robert Robles,angela14@example.net,2023-12-07
670,Cynthia Sanchez,terrireyes@example.com,2023-03-05
671,Jessica Baird,amy32@example.net,2024-07-22
672,Michelle Copeland,vargassteven@example.net,2022-11-04
673,Eric Sullivan,jenningscandace@example.com,2023-07-13
674,Amy Robinson,paigeberger@example.net,2024-12-23
675,Mary Chavez,peter97@example.org,2023-03-02
676,Elizabeth Bauer,samantha65@example.org,2024-04-18
677,Kayla Abbott,bryan80@example.org,2024-08-28
678,Heather Callahan,youngjacqueline@example.com,2024-06-04
679,Jennifer Graham,elainewells@example.org,2024-03-19
680,Heather Butler,whitney22@example.org,2022-10-06
681,Nathan Tucker,iproctor@example.org,2022-12-17
682,Shannon English,dhanson@example.net,2023-10-27
683,Janice Perez,kjacobs@example.com,2025-02-02
684,Jonathan Jenkins,arthur09@example.com,2024-08-30
685,John Vaughn,jessicafox@example.com,2023-12-11
686,Steve Davis,qmccoy@example.net,2022-10-13
687,Rebecca Edwards,bergeramanda@example.org,2023-12-15
688,Julie Gross,zgomez@example.com,2023-06-01
689,Thomas Curry,bryan79@example.org,2024-04-07
690,Dorothy Mclaughlin,mitchellchristopher@example.net,2022-10-12
691,Darlene Gilbert,michaela01@example.net,2023-01-27
692,Brittany Griffin,josehaynes@example.com,2023-02-03
693,Amanda Riggs,caitlinunderwood@example.com,2024-10-22
694,James Guerrero,jasonnavarro@example.com,2022-09-17
695,Robert Williams,tross@example.com,2024-10-14
696,Kim James,jwells@example.net,2025-02-27
697,Timothy Cole,suzanne01@example.net,2024-06-17
698,Jessica Hull,matthew41@example.com,2024-07-06
699,Raymond Curry,aprilbyrd@example.org,2023-06-28
700,Adam Jones,gdavis@example.net,2023-11-20
701,Douglas Lee,harveybrian@example.net,2024-07-08
702,Tiffany Little,millercassandra@example.com,2024-07-08
703,Kylie Coffey,dominguezjon@example.com,2024-07-12
704,Jesse Carney,qschwartz@example.com,2023-04-28
705,Destiny Brown,dcook@example.com,2025-06-01
706,Jeremiah Vasquez,chelseywhite@example.com,2022-11-15
707,Jessica Mendez,gainesjennifer@example.org,2022-08-27
708,Nicholas Waters,mosleyeduardo@example.net,2022-07-20
709,James Hernandez,rebecca90@example.net,2024-09-02
710,Karen Powell,fernandezaaron@example.net,2025-01-01
711,Mr. Timothy Howard,richard15@example.net,2025-02-09
712,Ryan Hodges,deborah28@example.org,2025-06-14
713,Elizabeth Price,mccoymichael@example.org,2025-03-16
714,Collin Johnson,cortezbrittany@example.com,2023-09-19
715,Maria Porter,blevy@example.org,2023-07-26
716,Nathan Sullivan,lindsaycontreras@example.com,2025-05-15
717,Kimberly Figueroa,sandyjohnson@example.org,2024-01-06
718,Terry Montgomery,jacquelineanderson@example.org,2024-06-12
719,Samantha Davis,marybrown@example.org,2022-11-22
720,Lisa Brown,ronaldcain@example.net,2024-08-01
721,William Johnston,marcoconnell@example.org,2024-11-03
722,Gabriela Martinez,katherinejackson@example.com,2024-03-17
723,Timothy Williams,moodycrystal@example.com,2024-11-18
724,John Smith,saramann@example.net,2025-03-18
725,Robert Barton,jamiebowman@example.net,2023-11-25
726,Christopher Holt,jennifersalazar@example.org,2024-06-06
727,Hannah Smith,jamesdowns@example.org,2024-05-28
728,Victoria Romero,qtownsend@example.org,2023-05-18
729,Robert Jennings,kjimenez@example.net,2025-04-26
730,Jackson Clark,matthew70@example.org,2024-10-08
731,Casey Floyd,erobertson@example.org,2024-09-17
732,Erika Gonzalez,jerry15@example.org,2022-11-04
733,Sheila Bennett,charlesrichards@example.org,2025-03-21
734,Timothy Gibson,dbrooks@example.net,2023-02-17
735,Derrick Rogers,schwartzbrian@example.org,2022-11-18
736,Jason Wolf,oliviamunoz@example.net,2025-05-29
737,Laura Tran,christophervincent@example.com,2025-02-18
738,John Ford,blairjill@example.org,2023-04-17
739,Daniel Pennington,robinvillanueva@example.com,2025-06-28
740,John Mack,simmonsphillip@example.net,2025-01-05
741,David Hansen,steelerichard@example.org,2022-12-12
742,Matthew Davis,kcaldwell@example.net,2023-12-05
743,Lauren Bray,tingram@example.com,2023-02-07
744,Lori Padilla,daltonchad@example.net,2023-07-19
745,Jeffery Nelson,kristinmiller@example.com,2024-10-03
746,Tony Leonard,rodriguezmichael@example.net,2022-09-02
747,Matthew Bush,devonrogers@example.net,2022-11-21
748,Todd Carpenter,karenhodges@example.com,2023-08-10
749,Michael Ramirez,watsonshaun@example.net,2024-02-17
750,Michael Gregory,shannon51@example.org,2025-03-23
751,Bobby Hurst,susan11@example.org,2023-05-18
752,Kathleen Golden,cartertara@example.net,2025-05-06
753,Jason Rojas,carterbryan@example.org,2025-01-20
754,Gabriella Lane,todd88@example.com,2023-12-03
755,Stephanie Parker,jeremy54@example.org,2022-12-29
756,Tyler Montgomery,jennifermitchell@example.org,2025-01-24
757,Mary Hernandez,darylchaney@example.net,2022-12-05
758,Cody Hart,wadetiffany@example.org,2023-09-01
759,Carla Turner,sullivanvictor@example.org,2025-05-23
760,Brittney Cordova,deborah47@example.com,2025-06-16
761,Wendy Estrada,hmorgan@example.net,2023-12-26
762,Michael Wilson,moralesmary@example.com,2023-08-15
763,Lee Lee,kimberlywang@example.org,2022-08-13
764,Jill Powers,daughertypreston@example.com,2023-07-03
765,Terri Kerr,raymond65@example.com,2023-09-01
766,Gregory Madden,lewispamela@example.net,2025-07-11
767,Donna Shaffer,achandler@example.org,2025-01-20
768,Briana Turner,carl96@example.org,2022-07-27
769,Denise Thompson,wpage@example.org,2023-02-23
770,Donna Henry,mary47@example.net,2024-10-07
771,Rick Moore,stephanie71@example.net,2024-07-18
772,Christopher Knox,anthonyhubbard@example.com,2025-07-13
773,Patrick Perkins,ooneill@example.net,2023-12-23
774,Barbara Hunt,brucefrancisco@example.org,2022-12-27
775,Michael Howard,nelsonrobert@example.com,2022-09-11
776,Mark Jones,katiewhite@example.org,2024-05-06
777,Frank Stewart,joseph51@example.net,2024-04-15
778,Alexandria Holmes,kimberly65@example.org,2022-11-09
779,Daniel Lopez,butlersabrina@example.org,2025-01-02
780,Karen Collins,don79@example.net,2024-11-02
781,Michael Johnson,walkermelissa@example.org,2024-08-12
782,Daniel Zavala,yvazquez@example.org,2022-10-13
783,Nicole Williams,johnsondonna@example.net,2022-09-22
784,David Jones,websterkimberly@example.net,2023-03-02
785,Cathy Bell,thomasjulie@example.com,2025-05-24
786,Christopher Mason,williamjones@example.net,2024-11-02
787,Michelle Brandt,rachelmedina@example.net,2022-11-05
788,Jonathan Zimmerman,helen27@example.net,2025-06-03
789,Henry Gray,willierussell@example.com,2022-12-02
790,Chad Farmer,angela01@example.com,2024-01-12
791,Jesus Fitzgerald,aperez@example.com,2025-07-03
792,Scott Jacobson,xcrosby@example.org,2022-08-03
793,Megan Sanders,wilsonralph@example.net,2024-04-27
794,Timothy Levine,coxjames@example.org,2024-05-02
795,Barbara Massey DDS,kathy99@example.com,2024-10-25
796,Terri Kelly,garcher@example.com,2022-12-28
797,Bryan Burns,courtneytaylor@example.org,2024-10-05
798,Kathleen Johnson,patrickshelton@example.org,2023-06-16
799,Paige Guerrero,msparks@example.com,2024-07-14
800,Dennis Cooper PhD,cisnerosanthony@example.com,2025-03-10
801,Jerry Farrell,cstevens@example.org,2024-03-21
802,Elizabeth Mccarthy,tjordan@example.net,2023-09-19
803,Laura Henry,kalvarez@example.net,2022-09-19
804,Kevin Gray,katie45@example.org,2022-08-19
805,Russell Bailey,hubbardcolleen@example.com,2022-11-03
806,Hunter Bell,johnwong@example.net,2022-10-21
807,Sheila Wilson,andrewnguyen@example.com,2024-07-09
808,Jose Fisher,dominguezbrianna@example.com,2023-09-07
809,Kenneth Stokes,vazquezjamie@example.com,2024-01-22
810,Gina Mendez,tara37@example.net,2025-02-02
811,Sara Herrera,joseph49@example.com,2024-12-17
812,Tina Robbins,vargasjoshua@example.net,2024-12-14
813,Daniel Flynn,william46@example.net,2024-03-02
814,James Weber,jpowers@example.org,2025-03-11
815,Kelli Lopez,vlewis@example.com,2023-05-09
816,Rhonda Farrell,umichael@example.net,2022-09-23
817,Joel Allen,megan65@example.org,2024-06-13
818,Debra Mitchell,jonathanburke@example.com,2023-04-07
819,Alexis Robles,steven86@example.com,2024-06-28
820,Christopher Taylor,kristine48@example.org,2024-06-25
821,Nathan Casey,heathchristopher@example.net,2023-06-11
822,Troy Mosley,sandersmary@example.org,2023-04-04
823,Kathryn Martinez,tyler13@example.net,2022-12-01
824,Erin Silva,vshaffer@example.org,2025-05-10
825,Brian Lewis,scott49@example.org,2024-01-08
826,Travis Stewart,pwells@example.com,2025-03-09
827,Heidi Baldwin,andrew90@example.net,2024-07-14
828,Melissa Mccormick,johnnycruz@example.net,2025-06-04
829,Robert Martinez,miaprice@example.com,2025-05-01
830,Elizabeth Mayer,kennethvillarreal@example.org,2025-04-18
831,Sherry Wang,rmccormick@example.org,2025-01-07
832,Kaitlin Gutierrez,jennifer12@example.net,2023-05-02
833,Jason Daniel,shawn00@example.net,2024-06-22
834,Rachel Taylor,tgonzalez@example.com,2024-04-11
835,David Reeves,melaniejennings@example.com,2023-11-26
836,Brandi Thompson,lauren31@example.com,2023-08-26
837,James Davenport,andrewjohnson@example.net,2024-06-28
838,Susan Mccann,josechristian@example.org,2023-10-02
839,David Davis,george91@example.org,2024-09-14
840,Thomas Chavez,twilson@example.org,2023-02-13
841,Rachael Roberts,breyes@example.org,2024-05-07
842,Diane Byrd MD,bsparks@example.com,2025-06-23
843,Jerry Wright,emiller@example.org,2025-03-01
844,Jennifer Lewis,verickson@example.net,2023-04-26
845,Anthony Cook,thomasgomez@example.net,2025-05-14
846,Linda Goodman,smithwilliam@example.com,2023-06-16
847,Jacob Donaldson,carpenterjorge@example.net,2024-01-11
848,John Davis,hthomas@example.com,2022-09-06
849,Seth Davenport,sara44@example.net,2025-01-14
850,Kelly Graham,leslievang@example.org,2024-03-20
851,Mallory Gonzales,edgarhall@example.org,2023-12-17
852,John Wilson,wwilliams@example.net,2024-03-25
853,Brian Cortez,daviddavis@example.com,2023-02-02
854,Jordan Nelson,brandybonilla@example.net,2024-11-06
855,Thomas Sanchez,vrhodes@example.org,2023-05-27
856,Mrs. Jacqueline Hickman,hooderic@example.org,2023-12-06
857,Karen Fuller,brooke05@example.org,2024-07-08
858,Erika Dennis,jasonwilliams@example.net,2023-05-26
859,Natasha Payne,qdavis@example.org,2023-04-09
860,Jennifer Smith,frankchan@example.com,2024-06-28
861,Brittany Evans,tfitzgerald@example.net,2024-05-11
862,Brendan Richardson,tracymcclure@example.com,2023-05-10
863,Ann Henderson,christina66@example.org,2022-09-02
864,John Walker,sarahrose@example.net,2024-02-15
865,Jeffrey Solomon,ievans@example.net,2025-04-04
866,Kelly Phillips,arnoldsamantha@example.net,2022-11-14
867,Brandon Guerrero,michael91@example.net,2022-08-06
868,Julie Hartman,awilliams@example.net,2023-06-11
869,Jordan Santiago,matthew23@example.org,2022-10-13
870,Mrs. Megan Hamilton,smithdarryl@example.org,2024-07-07
871,Jared Sandoval,nturner@example.com,2024-08-14
872,Megan Ballard,martinezalexander@example.org,2024-12-30
873,Chelsea Johnson,pwong@example.org,2023-11-09
874,Rachel Lee,kayla27@example.com,2022-08-12
875,Christian Park,cruiz@example.net,2023-04-11
876,Ronald Myers,alan66@example.com,2024-10-04
877,Kristen Roberts,gross@example.net,2024-09-21
878,Susan Dillon,jenniferrice@example.com,2024-04-11
879,Debra Wong,nwilson@example.net,2023-08-04
880,Alisha Roberts,taylorkim@example.net,2023-03-17
881,Gina Guzman,sanderson@example.net,2024-09-06
882,Sandra Nunez,laura29@example.org,2023-05-25
883,Mary Anderson,ericvasquez@example.com,2025-05-18
884,David Hawkins DVM,nicole52@example.org,2025-01-12
885,Amanda Brown,owilson@example.org,2024-03-26
886,Dr. Richard Hammond,paula89@example.net,2022-11-11
887,Tracy Lloyd,villegaskimberly@example.net,2024-11-23
888,Samantha Williams,jacksondavid@example.org,2025-04-13
889,Edgar Alexander,goconnor@example.org,2024-06-28
890,Chad Allison,xmontes@example.org,2023-04-14
891,Gloria Wagner,adamsjennifer@example.com,2023-08-19
892,Brittany Molina,icobb@example.com,2023-10-16
893,Jimmy Phelps,sherry72@example.org,2024-09-13
894,Andrea Morgan,kholden@example.com,2022-09-25
895,Mary May,levinetina@example.net,2025-03-05
896,Jennifer Blackwell,jennifer55@example.org,2025-01-11
897,Lisa Thomas,ngriffin@example.net,2024-06-03
898,Jessica Reed,trowe@example.org,2022-08-29
899,Neil Singh,abigailfernandez@example.org,2022-10-29
900,Kelly Sherman,andrewzamora@example.net,2024-04-29
901,Raymond Barber,dennismckenzie@example.com,2024-06-06
902,Anthony Curtis,westashley@example.org,2023-11-28
903,Dr. Virginia Cunningham,michaelmitchell@example.net,2024-04-07
904,James Mclaughlin,murphybrandi@example.com,2023-11-29
905,Jeffery Jenkins,brownpamela@example.com,2023-03-12
906,Michael Powell,lwiggins@example.com,2024-06-16
907,Melissa Gould PhD,jcolon@example.net,2022-12-06
908,Beverly Bush,bensonstanley@example.org,2024-10-15
909,Jaclyn Crane,xrodriguez@example.net,2023-06-02
910,Autumn Torres,kevin70@example.org,2022-12-22
911,Amber Shannon,jason70@example.org,2024-03-11
912,Andrew Olson,ariel56@example.com,2025-01-19
913,Brandi Taylor,qgill@example.com,2022-12-30
914,Ann Weber,zhughes@example.com,2024-03-03
915,Stacy Fitzgerald,clinejasmine@example.net,2024-06-09
916,Ellen Brewer,leechristine@example.net,2024-10-27
917,Kelly Christensen,martinezsharon@example.org,2025-06-08
918,Daniel Gallegos,imiller@example.net,2023-07-06
919,Katherine Peck,samuel60@example.net,2023-07-02
920,Brian Garcia,justinwhite@example.org,2023-01-05
921,Meghan Brown,howard04@example.com,2022-11-05
922,Steven Scott,williamsjohn@example.net,2024-04-22
923,Paul Cruz Jr.,floresangela@example.org,2024-01-01
924,David Mercado,angela91@example.org,2024-11-02
925,Beth Carroll,omiller@example.net,2023-02-27
926,Jacqueline Galloway,amandahenderson@example.net,2023-11-27
927,John Calderon,denise20@example.org,2025-05-08
928,Mr. Ryan James,megan39@example.net,2023-05-24
929,Joseph Jones,fosterdavid@example.org,2024-09-21
930,Dr. Christine Wagner PhD,cynthia74@example.org,2024-07-14
931,Daniel Haley,allen20@example.net,2023-12-24
932,Megan Gutierrez,ifarmer@example.org,2024-11-28
933,Angela Johnson,wchambers@example.com,2025-01-11
934,Christopher Tate,martinezmitchell@example.org,2023-11-19
935,Alejandro Campbell,james94@example.net,2023-03-19
936,Tracy Johnson,tconway@example.net,2023-03-06
937,Roberto Foster,ashley72@example.net,2023-02-17
938,Megan Morrison,cameronanderson@example.org,2022-12-06
939,Savannah Ibarra,james08@example.net,2023-04-23
940,Jordan Pace,nashmarcus@example.com,2023-05-16
941,Julie Ward,stephensonjeffrey@example.com,2025-04-21
942,Emily Myers,christopher90@example.net,2023-03-24
943,Tina Stark,frankcollins@example.net,2024-06-04
944,Jeffrey Johnson,mary31@example.com,2023-04-07
945,Anthony Cook,sherryparsons@example.net,2023-11-12
946,Jeremy Martinez,rangelnicholas@example.net,2022-09-29
947,Thomas Ramos,cheryl61@example.org,2024-07-31
948,Elizabeth James,williamsonrobert@example.net,2024-11-29
949,Jody Marshall,nhobbs@example.org,2023-07-27
950,Rachel Gibson,briana11@example.org,2024-05-02
951,Richard Lee,danascott@example.com,2023-12-29
952,Charlene Taylor,brownlarry@example.com,2024-02-02
953,Heather Silva,dylanparker@example.com,2023-06-04
954,Kelly Sandoval,brianhunter@example.net,2025-02-15
955,Craig Gonzalez,kristenpeterson@example.net,2023-12-23
956,Julie Schwartz,christina65@example.org,2022-11-11
957,Susan Crawford,fowlerheather@example.com,2024-06-02
958,Nicholas Cisneros,lindsay63@example.com,2023-02-06
959,Heidi Jones MD,thomasscott@example.net,2024-04-21
960,Amanda Johnson,justinrobinson@example.com,2024-09-14
961,Julian White,thompsonjose@example.org,2022-08-12
962,Jamie Cobb,morganjason@example.com,2023-04-09
963,Mary Pugh,ejohns@example.org,2022-12-25
964,Rebecca Lee,ubenson@example.net,2023-11-02
965,Tammy Hines,melissaphillips@example.org,2023-07-14
966,Robert Salas,fclark@example.com,2024-12-02
967,Carol Hughes,victor72@example.com,2024-09-07
968,Karen Sosa,zadams@example.net,2025-04-24
969,Amanda Robinson,shannonyoung@example.org,2023-06-20
970,Laura Walls,jonathan12@example.org,2023-06-08
971,Crystal Williams,ronald76@example.com,2023-08-26
972,Mr. Alexander Alexander III,howardchristopher@example.net,2024-02-02
973,Rachel House,wilsonmichael@example.net,2023-02-24
974,Gary Turner,james92@example.net,2024-10-07
975,Alexa Evans,krista66@example.net,2024-10-27
976,Matthew Hays,michelleperez@example.net,2024-10-18
977,Jose Hartman,dsharp@example.com,2024-12-03
978,Cole Carrillo,cclark@example.net,2022-08-21
979,Shane Torres,porterdonna@example.com,2023-07-27
980,Michael Powell,mark09@example.org,2025-04-25
981,Troy Rivera,nbaird@example.com,2022-09-27
982,John Murphy,tfowler@example.org,2023-01-23
983,Cassandra Serrano,mjohnson2@example.org,2025-04-13
984,Daniel Carter,gibsonmiguel@example.org,2023-01-24
985,Jennifer Moore,andersonrobert@example.net,2022-10-03
986,Sharon Anderson,kylemeyers@example.net,2023-12-22
987,Teresa Matthews,ahill@example.org,2023-11-20
988,Lisa Wright,renee77@example.com,2024-04-11
989,Donna Ibarra,treed@example.com,2023-09-21
990,Sarah Perry,rachelquinn@example.com,2023-09-14
991,Melissa Davis,allenmonica@example.com,2025-03-13
992,Mary Jones,reginajenkins@example.net,2022-11-29
993,Pedro Gordon,robert24@example.org,2024-01-25
994,Benjamin Neal,vjames@example.com,2025-02-11
995,Adam Wilson,markgoodman@example.com,2023-12-07
996,Matthew Reeves,rtaylor@example.org,2023-01-22
997,Brian Phillips,qjackson@example.org,2024-07-31
998,Hunter Robinson,staffordamanda@example.com,2024-08-21
999,Robin Davidson,myerskyle@example.org,2024-05-05
1000,James Harris,nicholasallen@example.org,2022-08-06
