ProductID,ProductName,Category,Price
1,Hays LLC T-Shirt Tend,Clothing & Fashion,744.12
2,Frazier Inc Bicycle Discussion,Sports & Fitness,148.13
3,Robles Ltd Jeans Computer,Clothing & Fashion,594.58
4,"Jackson, Perry and Rodriguez Smartphone General",Electronics,102.75
5,Hart-Lopez Racket Despite,Sports & Fitness,605.99
6,"Foster, Patterson and Hall Tea Born",Food & Beverages,718.85
7,Morris-Smith Canned Food Ready,Food & Beverages,228.23
8,Smith-Lewis Medicine Discussion,Health & Wellness,811.33
9,Barrett LLC Tablet Rate,Electronics,701.15
10,"Wood, Jones and Robinson Board Game Fish",Toys & Games,163.91
11,"Porter, Mooney and Marquez Doll Strong",Toys & Games,101.81
12,"Jackson, Haley and Greene Handbag Program",Clothing & Fashion,849.01
13,"Price, Middleton and Wise Medicine Cell",Health & Wellness,809.05
14,Thompson-Gill Battery Rise,Automotive & Tools,133.57
15,Spence-Estrada Cream Author,Beauty & Personal Care,556.51
16,Smith-Barr Medicine List,Health & Wellness,581.57
17,Dixon-Harmon T-Shirt Most,Clothing & Fashion,664.64
18,"Bush, Smith and Smith Novel Song",Books & Media,856.75
19,Parker Ltd Watch Later,Clothing & Fashion,285.18
20,Harvey Inc Puzzle Certain,Toys & Games,376.47
21,Jimenez-Harris Helmet How,Sports & Fitness,274.3
22,May and Sons Dress Wind,Clothing & Fashion,538.79
23,"George, Bautista and Stevenson Bicycle Get",Sports & Fitness,467.63
24,Ramirez Ltd Audiobook Stop,Books & Media,691.27
25,Meyer Group Helmet Raise,Sports & Fitness,331.03
26,Christensen-Perez Headphones Significant,Electronics,823.57
27,Cooper-Harris Stuffed Animal Arm,Toys & Games,275.05
28,"Mcneil, Solis and Horton Racket Doctor",Sports & Fitness,877.59
29,"Salas, Boyd and White Puzzle Professional",Toys & Games,658.87
30,Brown Group Treatment Available,Beauty & Personal Care,464.25
31,Williams and Sons Manual Writer,Books & Media,254.15
32,Martinez and Sons Energy Drink Person,Food & Beverages,270.1
33,"Guerra, Frederick and Young Supplement Bar",Health & Wellness,898.83
34,Hardy-Collins Makeup Set,Beauty & Personal Care,227.12
35,Sanchez and Sons Decoration Police,Home & Garden,99.99
36,Turner PLC Laptop List,Electronics,161.3
37,"Harris, Huffman and Olson Tools Here",Home & Garden,600.43
38,Gray-Ruiz Perfume Knowledge,Beauty & Personal Care,599.92
39,"Lynch, Hamilton and Moore Battery Student",Automotive & Tools,258.89
40,Smith-James Coffee Too,Food & Beverages,683.47
41,Blake LLC Shoes Physical,Clothing & Fashion,770.9
42,"Hernandez, Barber and Scott Doll Major",Toys & Games,300.56
43,Chavez-Brooks Decoration Police,Home & Garden,13.2
44,Jones-Taylor Video Game Manager,Books & Media,764.33
45,Moore and Sons Coffee Above,Food & Beverages,871.8
46,Hensley Ltd Comic Share,Books & Media,642.55
47,Henry-Frost Thermometer Yard,Health & Wellness,161.3
48,Waller-Brooks Sofa Might,Home & Garden,602.95
49,Davidson-Chapman Motor Oil Issue,Automotive & Tools,120.74
50,Riddle Inc Board Game Image,Toys & Games,247.05
51,"Martin, Hines and Krueger Racket Spend",Sports & Fitness,947.47
52,"Bailey, Fletcher and Reid Sunglasses Home",Clothing & Fashion,817.85
53,"Brown, Cruz and Coleman Tea Employee",Food & Beverages,137.1
54,Woods LLC Battery Program,Automotive & Tools,173.47
55,"Rhodes, Terry and Brewer Energy Drink Every",Food & Beverages,428.9
56,"Gibson, Becker and King Racket Play",Sports & Fitness,757.7
57,"Lynn, Skinner and Smith Helmet Spend",Sports & Fitness,318.59
58,Newman Group Stuffed Animal Information,Toys & Games,900.61
59,"Willis, Santana and Stone Motor Oil Current",Automotive & Tools,255.42
60,Martin-Simmons Handbag Role,Clothing & Fashion,30.81
61,Mason-Ferguson Tea Various,Food & Beverages,592.55
62,Willis-Gross Laptop Soldier,Electronics,710.75
63,"Booth, Rodriguez and Armstrong Headphones Subject",Electronics,76.72
64,Olsen-Adams Camera Determine,Electronics,80.14
65,"Sanders, Parker and Benitez Ball Team",Sports & Fitness,672.28
66,Smith-Jones Racket Same,Sports & Fitness,140.98
67,Warren-Pena Medical Equipment Significant,Health & Wellness,477.93
68,Jackson-Brooks Drill Score,Automotive & Tools,198.5
69,Gonzalez and Sons Watch Morning,Clothing & Fashion,360.74
70,Hayes and Sons Perfume Cultural,Beauty & Personal Care,865.19
71,Brown and Sons Laptop Table,Electronics,70.0
72,Green Group Doll Let,Toys & Games,256.16
73,"Durham, Rodriguez and Fields Racket Base",Sports & Fitness,454.12
74,Miller-Martinez Shampoo Attack,Beauty & Personal Care,285.75
75,Johnson-Young Sportswear Memory,Sports & Fitness,924.02
76,"Hodges, Smith and Adams Battery Account",Automotive & Tools,106.92
77,"Aguilar, Huerta and Davis Coffee Nearly",Food & Beverages,969.3
78,Bennett PLC Bicycle Sort,Sports & Fitness,412.34
79,Frederick-Kennedy Tire Green,Automotive & Tools,865.99
80,"Jordan, Wood and Wu Tablet Forward",Electronics,385.17
81,Everett Ltd Makeup Inside,Beauty & Personal Care,927.24
82,Bishop-Hester Screwdriver Tv,Automotive & Tools,428.77
83,Drake-Smith Supplement Truth,Food & Beverages,721.21
84,"Morales, Houston and Buckley Rug Agree",Home & Garden,303.73
85,"Martinez, Schmidt and Tapia Smartphone Society",Electronics,750.49
86,Richardson PLC Smartphone Rich,Electronics,588.33
87,"Kane, Robertson and Keller Energy Drink About",Food & Beverages,165.85
88,"Rosario, Hess and Smith Coffee Here",Food & Beverages,852.82
89,Montes Ltd Jeans Gas,Clothing & Fashion,678.45
90,"Wallace, Lawson and Ross Weights Position",Sports & Fitness,128.68
91,Bailey Group Thermometer Reason,Health & Wellness,583.12
92,"Stein, Navarro and Carter Laptop Day",Electronics,425.02
93,"Thomas, Meyer and Armstrong Medical Equipment Tough",Health & Wellness,527.54
94,"Wagner, Anderson and Robles Manual Fish",Books & Media,673.02
95,"Davies, Archer and Owens Puzzle War",Toys & Games,272.95
96,Friedman-Olson Curtains Now,Home & Garden,462.64
97,Sanchez and Sons T-Shirt Some,Clothing & Fashion,463.69
98,"Graves, Garcia and Holder Vitamins Air",Health & Wellness,82.52
99,Hickman LLC Racket Weight,Sports & Fitness,272.54
100,Miranda-Robinson Doll Even,Toys & Games,880.47
101,"Alvarez, Merritt and Martinez Board Game Century",Toys & Games,166.16
102,"Schultz, Vasquez and Pope Supplement Go",Food & Beverages,309.48
103,Huynh PLC Coffee Attention,Food & Beverages,671.17
104,"Cooper, Kent and Paul Snacks Share",Food & Beverages,932.43
105,Valdez-Glover Dress Total,Clothing & Fashion,271.81
106,Stokes-Walker Dress Business,Clothing & Fashion,279.61
107,Miller-Davis Thermometer Sit,Health & Wellness,720.43
108,"Pineda, Garner and Wilson Helmet Hold",Sports & Fitness,637.89
109,Castaneda Group Video Game Part,Books & Media,493.64
110,"Smith, Brown and Nichols Laptop Throw",Electronics,637.93
111,Whitney-Flores Novel His,Books & Media,13.5
112,"Peck, Martinez and Alvarado Curtains Performance",Home & Garden,169.96
113,Rodriguez Inc Battery Nothing,Automotive & Tools,708.6
114,Stewart-Cabrera Coffee Fine,Food & Beverages,120.75
115,Porter Group Sofa Choice,Home & Garden,836.24
116,"Campbell, Burgess and Sweeney Medical Equipment Their",Health & Wellness,156.6
117,"Johnson, Flores and Shaw Sofa Risk",Home & Garden,315.17
118,Hill Ltd Camera Painting,Electronics,217.97
119,Welch-Lewis Helmet Film,Sports & Fitness,111.76
120,"Levy, Brown and Patrick Canned Food Claim",Food & Beverages,974.09
121,"Clark, Oconnor and Cochran Rug School",Home & Garden,865.95
122,"Williams, Grimes and White Tools Method",Home & Garden,34.53
123,"Myers, Joyce and Hopkins Stuffed Animal Thus",Toys & Games,804.2
124,Ritter PLC Ball Including,Sports & Fitness,167.6
125,Henderson-Kennedy Watch Happen,Clothing & Fashion,873.44
126,Myers-Rose Tire Fear,Automotive & Tools,207.57
127,Horton-Lee Screwdriver Total,Automotive & Tools,312.13
128,"Long, Anderson and Goodwin Bicycle Partner",Sports & Fitness,33.42
129,Horn Ltd Weights Fly,Sports & Fitness,334.97
130,Pena-Ray Shoes Letter,Clothing & Fashion,357.62
131,"Olson, Merritt and Clark Canned Food Summer",Food & Beverages,682.71
132,"Gonzalez, Curtis and Cox Snacks Total",Food & Beverages,939.83
133,"Garcia, Floyd and Garrison Shoes However",Clothing & Fashion,186.77
134,Shelton-Jackson Novel Arrive,Books & Media,117.31
135,Kelly Group Makeup Country,Beauty & Personal Care,731.25
136,Wilson PLC Stuffed Animal Rate,Toys & Games,610.14
137,Watkins-Booker Coffee Product,Food & Beverages,391.33
138,"Powell, Johnson and Allen Thermometer Middle",Health & Wellness,262.17
139,Watts-Blevins Cream Read,Beauty & Personal Care,524.71
140,"Bennett, Holt and Pope Supplement Reason",Food & Beverages,722.23
141,Strickland Ltd Ball Idea,Sports & Fitness,436.97
142,Chen-Wallace LEGO Activity,Toys & Games,320.77
143,Wilson Inc Shoes Middle,Clothing & Fashion,512.04
144,"Barnett, Hicks and Johnson Makeup Page",Beauty & Personal Care,408.37
145,"Mendoza, Benson and Davis Video Game Personal",Books & Media,136.0
146,Cruz Ltd Treatment Scientist,Beauty & Personal Care,940.95
147,Evans-Martinez Curtains Gas,Home & Garden,412.0
148,Reeves PLC Smartwatch Crime,Electronics,294.03
149,Hess-Smith Brush Only,Beauty & Personal Care,610.58
150,"Logan, Moreno and Brown Stuffed Animal Third",Toys & Games,447.36
151,"Ryan, Fuentes and Pearson Racket Some",Sports & Fitness,478.44
152,Sheppard Inc Table Course,Home & Garden,290.94
153,"Neal, Smith and West Medicine Former",Health & Wellness,102.44
154,Williams PLC Helmet Design,Sports & Fitness,317.31
155,"Martin, Hart and York Bicycle Already",Sports & Fitness,34.17
156,Whitney PLC Weights Fire,Sports & Fitness,615.15
157,Burch-Jackson Sunglasses You,Clothing & Fashion,420.29
158,"Smith, Turner and Shah Thermometer Natural",Health & Wellness,721.15
159,Hopkins-Wallace Perfume Part,Beauty & Personal Care,405.65
160,Neal-Mills Sofa He,Home & Garden,893.72
161,"Medina, Clark and Garcia Watch Ten",Clothing & Fashion,226.64
162,Young and Sons Canned Food Change,Food & Beverages,59.71
163,Chase-Lewis Sportswear Center,Sports & Fitness,130.14
164,"Arnold, Vargas and Ramirez Decoration Shoulder",Home & Garden,670.89
165,"Henderson, Pierce and Green Energy Drink Rate",Food & Beverages,324.11
166,Ross Inc Battery You,Automotive & Tools,816.85
167,Rhodes-Bentley Canned Food Character,Food & Beverages,832.25
168,"Harris, Soto and Adams Canned Food Property",Food & Beverages,898.23
169,"Brewer, Klein and Elliott Drill Raise",Automotive & Tools,266.59
170,"Jacobs, Barnes and Hernandez Sportswear Store",Sports & Fitness,641.27
171,Gray-Maynard Canned Food End,Food & Beverages,630.47
172,Nelson PLC DVD Break,Books & Media,86.7
173,"Kelley, Jones and Bowman Manual Him",Books & Media,278.99
174,Strickland-Thomas LEGO Success,Toys & Games,89.76
175,Hill Inc Rug Huge,Home & Garden,389.19
176,Gray Inc Rug Stay,Home & Garden,73.58
177,Thompson Ltd Makeup Type,Beauty & Personal Care,547.18
178,Chapman-Roman Cream Beyond,Beauty & Personal Care,214.76
179,"Bailey, Armstrong and Campbell Perfume Experience",Beauty & Personal Care,905.78
180,"Garcia, Williams and Stewart Vitamins Society",Health & Wellness,858.15
181,White-Shaffer Supplement Resource,Health & Wellness,482.2
182,"Arnold, Macias and Powell Board Game Person",Toys & Games,755.93
183,Green Ltd Brush Must,Beauty & Personal Care,750.03
184,"Moore, Martinez and Gray Energy Drink Simply",Food & Beverages,898.82
185,Brown-Swanson Tire Hospital,Automotive & Tools,280.2
186,"Waters, Gregory and Barnes Motor Oil Lot",Automotive & Tools,394.96
187,Gonzales LLC Treatment Success,Beauty & Personal Care,173.38
188,Shaw-Hill Tire Later,Automotive & Tools,980.9
189,"David, Keith and Cervantes Coffee Focus",Food & Beverages,907.85
190,"Hodge, Meza and Russell Medical Equipment Form",Health & Wellness,666.36
191,Walters Inc Watch Show,Clothing & Fashion,144.33
192,Duffy and Sons Tire Parent,Automotive & Tools,59.77
193,Miller LLC Makeup Once,Beauty & Personal Care,219.53
194,Stokes-Smith Board Game Language,Toys & Games,763.61
195,"Romero, Cross and Castillo Makeup Myself",Beauty & Personal Care,754.48
196,"Cuevas, Barron and Wolfe Makeup Into",Beauty & Personal Care,836.55
197,Jensen Ltd Motor Oil Account,Automotive & Tools,751.52
198,"Coleman, Ferguson and Reed Camera Single",Electronics,231.97
199,"Tapia, Morrow and Beard T-Shirt News",Clothing & Fashion,756.68
200,"Lynch, Lawson and Oconnell Bicycle Represent",Sports & Fitness,840.83
